s1_id,other_id,source
S1_001,S2_001,s2
S1_001,S3_001,s3
S1_004,S2_003,s2
S1_005,S3_003,s3
S1_006,S2_004,s2
S1_007,S3_004,s3
S1_008,S2_005,s2
S1_011,S2_007,s2
S1_012,S3_005,s3
S1_013,S2_008,s2
S1_014,S2_009,s2
S1_015,S2_010,s2
S1_015,S3_006,s3
S1_016,S3_007,s3
S1_017,S3_008,s3
S1_019,S2_011,s2
S1_023,S3_009,s3
S1_024,S2_012,s2
S1_025,S2_013,s2
S1_025,S3_010,s3
S1_026,S2_014,s2
S1_027,S2_015,s2
S1_028,S2_016,s2
S1_028,S3_011,s3
S1_029,S2_017,s2
S1_029,S3_012,s3
S1_030,S2_018,s2
S1_032,S3_013,s3
S1_033,S2_019,s2
S1_034,S2_020,s2
S1_034,S3_014,s3
S1_035,S2_021,s2
S1_035,S3_015,s3
S1_037,S3_016,s3
S1_038,S2_022,s2
S1_038,S3_017,s3
S1_040,S2_023,s2
S1_042,S3_018,s3
S1_043,S3_019,s3
S1_044,S3_020,s3
S1_047,S3_021,s3
S1_049,S2_024,s2
S1_050,S3_022,s3
S1_051,S2_025,s2
S1_053,S2_026,s2
S1_053,S3_023,s3
S1_054,S2_027,s2
S1_055,S2_028,s2
S1_055,S3_024,s3
S1_060,S3_025,s3
S1_061,S2_029,s2
S1_062,S2_030,s2
S1_063,S2_031,s2
S1_064,S2_032,s2
S1_064,S3_026,s3
S1_065,S2_033,s2
S1_066,S2_034,s2
S1_067,S3_027,s3
S1_069,S3_028,s3
S1_070,S3_029,s3
S1_071,S2_035,s2
S1_071,S3_030,s3
S1_073,S3_031,s3
S1_074,S2_036,s2
S1_074,S3_032,s3
S1_075,S2_037,s2
S1_075,S3_033,s3
S1_076,S3_034,s3
S1_077,S3_035,s3
S1_078,S2_038,s2
S1_079,S3_036,s3
S1_080,S2_039,s2
S1_080,S3_037,s3
S1_083,S3_038,s3
S1_084,S2_040,s2
S1_086,S3_039,s3
S1_088,S2_041,s2
S1_088,S3_040,s3
S1_089,S3_041,s3
S1_090,S3_042,s3
S1_091,S3_043,s3
S1_092,S2_042,s2
S1_092,S3_044,s3
S1_094,S2_043,s2
S1_094,S3_045,s3
S1_095,S2_044,s2
S1_095,S3_046,s3
S1_096,S3_047,s3
S1_098,S3_048,s3
S1_099,S2_045,s2
